item,"节目名称","收看人数","收看人次","收看时长（小时）","户均访问时长（分钟）","次均访问时长（分钟）","户均访问次数"
277153,"辣妈正传",14891,189924,"80038.51","322.50","25.29","12.75"
332402,"我是特种兵之火凤凰",12171,290501,"101497.63","500.36","20.96","23.87"
190193,"愤怒的小孩",10952,24946,"18220.10","99.82","43.82","2.28"
238375,"西游·降魔篇",10756,24799,"16958.84","94.60","41.03","2.31"
246354,"熊出没之丛林总动员",10399,238460,"33935.89","195.80","8.54","22.93"
272253,"小爸爸",10126,137710,"62880.73","372.59","27.40","13.60"
236930,"十二生肖 3D",9182,16506,"4817.03","31.48","17.51","1.80"
178234,"异星战场 3D",8792,16645,"4310.76","29.42","15.54","1.89"
103496,"熊出没之环球大冒险",8631,172662,"25096.61","174.46","8.72","20.00"
203093,"愤怒的小鸟",8567,182585,"8502.82","59.55","2.79","21.31"
261645,"富春山居图",8401,14425,"11217.60","80.12","46.66","1.72"
44600,"猫和老鼠",8033,152852,"16041.82","119.82","6.30","19.03"
44303,"倒霉熊",7954,278882,"16488.00","124.38","3.55","35.06"
333564,"爸爸去哪儿 沙漠之旅",7881,13876,"10342.59","78.74","44.72","1.76"
287896,"莫陌2",7771,12599,"4599.73","35.51","21.91","1.62"
280929,"摩登年代",7760,12236,"9411.29","72.77","46.15","1.58"
283882,"穿越火线",7616,11044,"4863.61","38.32","26.42","1.45"
326739,"王的女人",7519,83341,"36206.53","288.92","26.07","11.08"
329928,"奶爸挑战面食 孩子放羊",7400,13047,"9631.31","78.09","44.29","1.76"
134025,"白蛇传说 3D",7263,13604,"3018.88","24.94","13.31","1.87"
336864,"爸爸去哪儿 沙漠之旅",7129,13655,"9227.94","77.67","40.55","1.92"
71777,"龙门飞甲 3D",7078,17930,"5367.06","45.50","17.96","2.53"
278334,"不二神探",6951,12113,"9070.79","78.30","44.93","1.74"
216205,"厨子戏子痞子",6876,13043,"7673.97","66.96","35.30","1.90"
340593,"爸爸去哪儿云南之行",6865,12269,"8616.56","75.31","42.14","1.79"
326738,"打狗棍",6755,133113,"56551.84","502.31","25.49","19.71"
339640,"咱们结婚吧",6664,39273,"16713.65","150.48","25.53","5.89"
280931,"疯狂的导演",6661,9460,"4174.73","37.60","26.48","1.42"
272085,"开心方程式",6608,94107,"15077.84","136.91","9.61","14.24"
20274,"越光宝盒",6583,11270,"7372.11","67.19","39.25","1.71"
223030,"米奇妙妙屋",6559,96272,"24344.15","222.69","15.17","14.68"
253368,"小时代",6520,11378,"7411.67","68.21","39.08","1.75"
272192,"爱爱囧事",6490,10589,"7070.12","65.36","40.06","1.63"
146525,"生化危机4 3D",6467,11749,"3882.67","36.02","19.83","1.82"
256562,"龙门镖局",6390,87791,"35614.79","334.41","24.34","13.74"
271187,"雇佣兵",6358,10141,"6314.39","59.59","37.36","1.59"
178807,"人再囧途之泰囧",6339,11504,"7784.49","73.68","40.60","1.81"
19479,"狄仁杰之通天帝国",6325,10525,"6679.53","63.36","38.08","1.66"
275696,"神枪狙击",6300,55183,"24129.51","229.80","26.24","8.76"
238175,"中国合伙人",6247,11058,"8240.20","79.14","44.71","1.77"
88228,"朋友也上床",6084,10320,"3052.98","30.11","17.75","1.70"
335342,"一起飞",6061,9301,"6768.94","67.01","43.67","1.53"
59855,"大闹天宫 3D",5991,10417,"1692.49","16.95","9.75","1.74"
269506,"璀璨人生",5977,109832,"35960.58","360.99","19.64","18.38"
273268,"天神传",5962,8945,"2527.83","25.44","16.96","1.50"
264043,"盲探",5948,9186,"8306.22","83.79","54.25","1.54"
214168,"北京遇上西雅图",5903,11316,"8901.37","90.48","47.20","1.92"
329208,"小小志卖萌 爱哭鬼Cindy一秒变怪力萝莉",5852,10392,"7972.44","81.74","46.03","1.78"
244968,"《峡谷》全新预告 丑闻女星激情出演",5851,10122,"226.68","2.32","1.34","1.73"
238241,"天天有喜",5818,125998,"33011.56","340.44","15.72","21.66"
287082,"中国好声音总决赛李琦夺冠",5815,9419,"7336.78","75.70","46.74","1.62"
225297,"笑功震武林",5803,11297,"7924.31","81.93","42.09","1.95"
244980,"林中女妖",5754,8799,"3418.67","35.65","23.31","1.53"
160614,"大海啸之鲨口逃生 3D",5681,10347,"3916.94","41.37","22.71","1.82"
248284,"新特警判官 3D",5680,8865,"2679.46","28.30","18.14","1.56"
283699,"爱情面前谁怕谁",5663,85759,"41550.08","440.23","29.07","15.14"
229254,"致我们终将逝去的青春",5606,9725,"7921.51","84.78","48.87","1.73"
207961,"越来越好之村晚",5541,9998,"7374.86","79.86","44.26","1.80"
282383,"G.NA《Top Girl》3D版",5517,13694,"620.72","6.75","2.72","2.48"
172377,"死亡飞车3:地狱烈焰",5514,8626,"5152.59","56.07","35.84","1.56"
70033,"速度与激情5",5499,10374,"6525.93","71.20","37.74","1.89"
231902,"女人公敌",5476,10177,"7083.46","77.61","41.76","1.86"
124888,"海绵宝宝（全集）",5433,89092,"11579.66","127.88","7.80","16.40"
222463,"9岁李馨巧暴强翻唱名曲《Price Tag》",5320,12907,"689.57","7.78","3.21","2.43"
214840,"毒战",5291,8568,"6276.85","71.18","43.96","1.62"
236707,"金太狼的幸福生活",5222,9072,"6772.45","77.81","44.79","1.74"
258445,"大片",5212,7511,"4696.04","54.06","37.51","1.44"
251404,"金刚狼",5199,8573,"5672.91","65.47","39.70","1.65"
281682,"我爱灰太狼2",5155,10864,"4679.13","54.46","25.84","2.11"
326316,"《爸爸去哪儿》同名主题曲MV",5085,10492,"652.06","7.69","3.73","2.06"
332239,"搜神记",5066,7096,"1425.15","16.88","12.05","1.40"
282539,"激战",5055,7749,"6725.55","79.83","52.08","1.53"
285989,"中国好声音《歌唱祖国》国庆晚会特别节目",4998,7706,"3888.11","46.68","30.27","1.54"
258742,"花非花雾非雾",4990,65050,"25920.87","311.67","23.91","13.04"
272448,"抹布女也有春天",4983,70136,"27242.92","328.03","23.31","14.08"
244215,"太极2:英雄崛起 3D",4973,7751,"2168.19","26.16","16.78","1.56"
102015,"爱情公寓3",4930,44688,"11470.05","139.59","15.40","9.06"
248553,"白宫陷落",4914,8065,"6160.53","75.22","45.83","1.64"
282542,"笔仙2",4912,6842,"2833.30","34.61","24.85","1.39"
284717,"宫锁沉香",4884,8100,"6074.45","74.62","45.00","1.66"
223227,"门第",4870,75169,"28065.02","345.77","22.40","15.44"
187962,"喜气羊羊过蛇年",4795,13940,"7568.90","94.71","32.58","2.91"
208207,"巴啦啦小魔仙3",4778,69334,"14574.85","183.02","12.61","14.51"
159028,"鳄鱼小顽皮历险记",4752,62884,"2643.01","33.37","2.52","13.23"
111519,"爱探险的朵拉",4736,63079,"16370.78","207.40","15.57","13.32"
265222,"我是裸模",4716,6596,"1489.41","18.95","13.55","1.40"
123390,"Secret《Poison》",4699,7991,"433.93","5.54","3.26","1.70"
281681,"斩尽杀绝",4679,6725,"3952.96","50.69","35.27","1.44"
267901,"模特魅影",4660,7061,"2845.46","36.64","24.18","1.52"
241761,"太极1从零开始",4636,7073,"2451.78","31.73","20.80","1.53"
337000,"快乐大本营之爸爸去哪儿专场",4634,8529,"5833.95","75.54","41.04","1.84"
105045,"近在咫尺的奇幻世界 3D",4581,7061,"889.28","11.65","7.56","1.54"
244002,"快乐酷宝",4551,56464,"11041.46","145.57","11.73","12.41"
329695,"《爸爸去哪儿》熊孩子洗脑神曲版",4542,7465,"358.56","4.74","2.88","1.64"
271909,"光晕4:航向黎明号",4539,6585,"2433.25","32.16","22.17","1.45"
212485,"陆贞传奇",4527,79021,"20887.83","276.84","15.86","17.46"
96115,"蓝精灵",4509,7357,"3137.93","41.76","25.59","1.63"
219077,"囧人之越挠越痒",4452,6936,"4019.36","54.17","34.77","1.56"
114472,"我爱灰太狼",4418,11798,"5006.88","68.00","25.46","2.67"
108297,"巧虎宝宝版",4412,296673,"12016.45","163.41","2.43","67.24"
336031,"任昌丁《请开门》",4381,6784,"498.94","6.83","4.41","1.55"
279245,null,4374,6843,"5363.64","73.58","47.03","1.56"
273874,"僵尸世界大战",4371,7760,"5393.42","74.03","41.70","1.78"
267222,"轰天复仇",4361,7618,"5221.44","71.84","41.12","1.75"
331696,"天才宝贝",4323,5882,"3097.53","42.99","31.60","1.36"
96653,"财神客栈",4288,8700,"5544.73","77.58","38.24","2.03"
254917,"李漫荻《找你妹》",4261,7526,"292.40","4.12","2.33","1.77"
172467,"毒火巨蟒",4252,6208,"3248.44","45.84","31.40","1.46"
267661,"中国好声音第2季第7期全场 钟伟强毕夏终极战诠释感动",4225,8402,"6112.82","86.81","43.65","1.99"
241435,"精忠岳飞",4219,59757,"19546.41","277.98","19.63","14.16"
272744,"艳遇丽江",4219,5899,"2577.38","36.65","26.22","1.40"
87971,"侏罗纪公园3",4199,6663,"3507.44","50.12","31.58","1.59"
245145,"速度与激情6 精彩飞车片段",4199,6470,"813.77","11.63","7.55","1.54"
144783,"做次有钱人",4171,5967,"4315.09","62.07","43.39","1.43"
83151,"焃女对唱《因为爱情》",4134,6608,"365.41","5.30","3.32","1.60"
285247,"勇者行动",4125,6266,"3848.64","55.98","36.85","1.52"
277652,"中国好声音第2季第10期全场 36进16大逃杀",4117,7698,"5541.56","80.76","43.19","1.87"
44376,"花园宝宝",4115,28588,"7403.42","107.95","15.54","6.95"
265223,"夜店北京",4113,6242,"3757.49","54.81","36.12","1.52"
88925,"画壁",4102,6773,"4737.67","69.30","41.97","1.65"
257737,"甜蜜18岁",4097,5861,"2162.58","31.67","22.14","1.43"
262701,"武松",4090,46314,"17590.43","258.05","22.79","11.32"
55703,"熊出没",4086,66328,"9079.38","133.32","8.21","16.23"
52839,"给快乐加油",4032,38904,"5917.71","88.06","9.13","9.65"
44665,"迪迦奥特曼",4030,38130,"7145.12","106.38","11.24","9.46"
257059,"中国好声音第2季第4期全场 塔斯肯民歌唱哭张惠妹",4015,7689,"5483.52","81.95","42.79","1.92"
62467,"变形金刚3",3988,8099,"4227.32","63.60","31.32","2.03"
263906,"中国好声音第2季第6期全场 姚贝娜林育群魔王对决",3977,7051,"5256.72","79.31","44.73","1.77"
274736,"中国好声音第2季第9期全场 哈林逆天改编",3977,6724,"4727.06","71.32","42.18","1.69"
328281,"海啸奇迹",3973,6782,"3744.27","56.55","33.13","1.71"
261697,"《中国好声音》第二季10大金曲",3959,6928,"2038.96","30.90","17.66","1.75"
44455,"铠甲勇士刑天",3939,44967,"8606.19","131.09","11.48","11.42"
253786,"中国好声音第2季第3期 重庆男引导师疯抢",3938,7310,"5037.85","76.76","41.35","1.86"
277840,"绿茶妹",3927,6128,"2471.13","37.76","24.20","1.56"
180716,"熊出没之过年",3926,15838,"8591.98","131.31","32.55","4.03"
124569,"终结者2018",3923,6080,"3797.36","58.08","37.47","1.55"
235558,"疯狂原始人 国语版",3922,9342,"5222.16","79.89","33.54","2.38"
186749,"天线宝宝（全集）",3893,40658,"9402.82","144.92","13.88","10.44"
247366,"临终囧事",3888,6377,"3959.42","61.10","37.25","1.64"
259304,"太极侠",3884,5733,"4493.06","69.41","47.02","1.48"
97499,"越狱兔",3876,148695,"4191.34","64.88","1.69","38.36"
195865,"亲宝儿歌",3865,468920,"15220.58","236.28","1.95","121.32"
256225,"一路狂奔",3836,5976,"3700.81","57.89","37.16","1.56"
238451,"圣诞玫瑰",3835,5774,"3920.72","61.34","40.74","1.51"
247333,"冲上云霄2",3788,43268,"18316.42","290.12","25.40","11.42"
76944,"功夫熊猫 3D",3769,6616,"1430.57","22.77","12.97","1.76"
220383,"憨豆先生动画版",3753,31366,"5983.03","95.65","11.44","8.36"
280362,"中国好声音中秋晚会全程 钟伟强焃女首度同台",3746,6049,"3829.17","61.33","37.98","1.61"
248364,"凤凰传奇纵情歌唱演唱会",3745,7309,"2047.87","32.81","16.81","1.95"
138642,"危险关系",3741,5471,"3877.37","62.19","42.52","1.46"
178745,"十二生肖",3723,8214,"4322.74","69.67","31.58","2.21"
260086,"芭比之梦想豪宅2",3715,49044,"2793.38","45.12","3.42","13.20"
249594,"中国好声音第2季第2期全场",3711,7208,"5332.52","86.22","44.39","1.94"
169588,"特种神枪手",3699,5427,"3378.45","54.80","37.35","1.47"
235184,"给野兽献花",3684,5656,"3319.60","54.07","35.22","1.54"
191643,"成龙历险记",3651,60253,"10237.72","168.25","10.19","16.50"
326041,"《美姐》特辑",3643,5065,"737.19","12.14","8.73","1.39"
124394,"脱线女王",3624,5624,"1266.90","20.98","13.52","1.55"
19638,"笑林小子之新乌龙院",3612,5704,"2984.39","49.57","31.39","1.58"
222260,"忠烈杨家将",3610,5797,"4163.51","69.20","43.09","1.61"
279479,"迷离夜",3606,5497,"3058.08","50.88","33.38","1.52"
52462,"青春失乐园",3593,7190,"3485.96","58.21","29.09","2.00"
286629,"英雄联盟",3593,64068,"25352.82","423.37","23.74","17.83"
230062,"火线三兄弟",3587,54934,"20284.95","339.31","22.16","15.31"
284167,"中国好声音第2季第11期 张惠妹组决赛",3574,5269,"3487.90","58.55","39.72","1.47"
162230,"星际迷航",3571,6034,"4080.20","68.56","40.57","1.69"
285567,"中国好声音第2季第13期 庾澄庆组决赛",3571,5245,"3243.76","54.50","37.11","1.47"
243449,"分手合约",3566,5643,"4152.02","69.86","44.15","1.58"
106513,"哆啦A梦第3部",3561,94795,"12240.77","206.25","7.75","26.62"
282946,"《私人订儃》曝预告 中式配泰风“鸭蛋炒大葱”",3554,5210,"85.03","1.44","0.98","1.47"
271191,"中国好声音第2季第8期 阿妹考核泪奔 力宏抚慰",3526,6045,"4808.39","81.82","47.73","1.71"
280570,"中国好声音第2季第11期 那英组决赛",3526,5483,"3606.81","61.38","39.47","1.56"
246363,"追鱼传奇",3517,35890,"14211.33","242.45","23.76","10.20"
44452,"加菲猫的幸福生活",3513,27429,"3399.29","58.06","7.44","7.81"
288335,"继承者们",3511,18283,"10239.69","174.99","33.60","5.21"
279545,"向着胜利前进",3495,56003,"23018.83","395.17","24.66","16.02"
108399,"葫芦兄弟",3476,26935,"3413.27","58.92","7.60","7.75"
44733,"喜羊羊与灰太狼",3435,25681,"3783.24","66.08","8.84","7.48"
146872,"驱魔者 3D",3433,5003,"1462.78","25.57","17.54","1.46"
246391,"中国好声音第1期全场 姚贝娜惊艳全场",3429,6824,"4760.34","83.30","41.86","1.99"
69460,"憨豆特工2",3426,5629,"2966.05","51.94","31.62","1.64"
95091,"梦游 3D",3418,6041,"1365.19","23.96","13.56","1.77"
160613,"最后的风之子 3D",3409,5236,"1812.97","31.91","20.78","1.54"
279246,"超级狗狗",3404,4986,"2448.85","43.16","29.47","1.46"
19316,"最强喜事",3403,5427,"3528.33","62.21","39.01","1.59"
208052,201314,3398,4998,"3156.33","55.73","37.89","1.47"
280922,"曲婉婷《爱的海洋》",3397,5335,"261.72","4.62","2.94","1.57"
285774,"中国好声音第2季第14期 汪峰组决赛",3385,5192,"3418.09","60.59","39.50","1.53"
243619,"非缘勿扰",3360,42303,"16183.25","288.99","22.95","12.59"
272058,"留级之王2",3358,4940,"2358.48","42.14","28.65","1.47"
69461,"铁血精英",3352,5488,"2928.36","52.42","32.02","1.64"
225114,"百家乐翻天",3332,5085,"2930.65","52.77","34.58","1.53"
97626,"贝瓦儿歌",3310,185886,"5310.95","96.27","1.71","56.16"
76945,"动物总动员 3D",3305,5687,"1509.00","27.39","15.92","1.72"
257827,"《我爱灰太狼2》MV",3302,6009,"209.69","3.81","2.09","1.82"
273125,"驼峰蜘蛛灾",3301,5056,"2573.44","46.78","30.54","1.53"
193347,"101次求婚",3299,5247,"3815.46","69.39","43.63","1.59"
244217,"致命黑兰",3297,5429,"4442.42","80.84","49.10","1.65"
335343,"Kara《Mister》",3284,4602,"188.37","3.44","2.46","1.40"
284080,"孩奴",3282,34156,"14896.85","272.34","26.17","10.41"
300976,"莫陌",3272,4301,"1074.33","19.70","14.99","1.31"
282237,"青春如期",3261,5144,"2830.63","52.08","33.02","1.58"
268658,"洛克王国大冒险",3258,39921,"4999.06","92.06","7.51","12.25"
116233,"敢死队",3232,5168,"2808.04","52.13","32.60","1.60"
160174,"哭笑不得",3224,4995,"2275.05","42.34","27.33","1.55"
192886,"一代宗师",3219,4532,"2786.92","51.95","36.90","1.41"
276359,"决战大洋",3186,4287,"1180.68","22.23","16.52","1.35"
331379,"3D动画致敬功夫大师",3185,4308,"240.90","4.54","3.36","1.35"
244945,"后天",3177,5046,"3649.43","68.92","43.39","1.59"
285463,"武工队传奇",3175,48117,"21494.49","406.20","26.80","15.15"
269015,"暂告安全",3163,4799,"3460.49","65.64","43.27","1.52"
284406,"小两口",3162,23743,"11012.26","208.96","27.83","7.51"
288513,"AOA《动摇》",3162,4612,"232.79","4.42","3.03","1.46"
260458,"中国好声音第2季第5期 台版苏珊大妈踢馆",3153,5359,"4096.71","77.96","45.87","1.70"
272087,"神魄",3151,44163,"8258.31","157.25","11.22","14.02"
160146,"青蜂侠 3D",3148,4419,"1189.95","22.68","16.16","1.40"
219117,"李孝利《Bad Girls》",3146,5123,"321.19","6.13","3.76","1.63"
257391,"入侵华尔街",3145,4274,"2198.09","41.93","30.86","1.36"
261875,"猫和老鼠:巨人大冒险",3140,5556,"2219.80","42.42","23.97","1.77"
92650,"大追捕",3138,4601,"2699.09","51.61","35.20","1.47"
255922,"今夜天使降临",3120,43578,"18457.30","354.95","25.41","13.97"
51644,"蜡笔小新第1部",3084,73596,"7499.02","145.90","6.11","23.86"
255660,"反恐行动之血战到底",3076,4409,"715.13","13.95","9.73","1.43"
330038,"环大西洋",3071,3995,"1603.07","31.32","24.08","1.30"
264386,"金素丽19禁新单《Bikini》",3061,5642,"221.85","4.35","2.36","1.84"
326736,"到爱的距离",3060,31668,"12656.71","248.17","23.98","10.35"
338720,"赏金杀手",3043,4102,"1792.56","35.34","26.22","1.35"
167364,"尖峰时刻3",3016,4536,"3291.32","65.48","43.54","1.50"
219113,"人间蒸发",3010,4568,"2124.12","42.34","27.90","1.52"
270288,"卖淫女供性交易过程",2995,4307,"113.68","2.28","1.58","1.44"
222554,"断奶",2977,38094,"13586.78","273.83","21.40","12.80"
270248,"孙俪张译《稳稳的幸福》（电视剧辣妈正传主题曲MV）",2971,4848,"227.53","4.60","2.82","1.63"
98093,"痞子英雄之全面开战",2970,5215,"3673.68","74.22","42.27","1.76"
178744,"大上海",2953,4816,"3632.00","73.80","45.25","1.63"
249306,"小男人遇上大女人",2930,33142,"14943.82","306.02","27.05","11.31"
268645,"假如生活欺骗了你",2927,42668,"18169.59","372.45","25.55","14.58"
20346,"邻家特工",2926,4390,"2610.84","53.54","35.68","1.50"
137165,"白鹿原",2915,4673,"2810.67","57.85","36.09","1.60"
282086,"少女时代《Genie》3D版",2914,4531,"164.53","3.39","2.18","1.55"
62958,"那些年，我们一起追的女孩",2904,4677,"3100.15","64.05","39.77","1.61"
284970,"胜女的代价2",2904,15200,"7129.96","147.31","28.14","5.23"
244496,"王牌情敌",2896,4309,"2878.41","59.64","40.08","1.49"
326918,"法外风云",2894,24804,"11369.95","235.73","27.50","8.57"
138745,"起跑线儿歌",2887,156340,"5704.26","118.55","2.19","54.15"
209325,"盛夏晚晴天",2851,32314,"10770.18","226.66","20.00","11.33"
288562,"劫机惊魂",2838,3735,"1810.87","38.28","29.09","1.32"
270371,"双煞",2836,4510,"1638.99","34.68","21.80","1.59"
263351,"爱情悠悠药草香",2829,40555,"18111.04","384.12","26.79","14.34"
124591,"刺客联盟",2803,4959,"2413.30","51.66","29.20","1.77"
191981,"海军陆战队员3",2799,3957,"2482.97","53.23","37.65","1.41"
331659,"卑鄙的我2之萌宠记",2790,5507,"388.29","8.35","4.23","1.97"
160400,"宠物小精灵",2788,48562,"9027.58","194.28","11.15","17.42"
182504,"金泫雅张贤胜《Trouble Maker》",2788,5406,"323.54","6.96","3.59","1.94"
267223,"猎杀本拉登",2774,3965,"2337.46","50.56","35.37","1.43"
272780,"钢铁苍穹",2769,3857,"2270.40","49.20","35.32","1.39"
281902,"吴莫愁《我相信》",2765,3777,"196.67","4.27","3.12","1.37"
272160,"朵拉美人鱼王国探险",2764,7752,"2980.26","64.69","23.07","2.80"
220066,"老米家的婚事",2758,37375,"14143.40","307.69","22.71","13.55"
188529,"巴啦啦小魔仙大电影",2757,7515,"3571.16","77.72","28.51","2.73"
238216,"羊羊快乐的一年",2755,25457,"3856.07","83.98","9.09","9.24"
341131,"快乐大本营之女神高圆圆遭逼婚",2747,4118,"2479.18","54.15","36.12","1.50"
144805,"王者之剑 3D",2709,4159,"1484.14","32.87","21.41","1.54"
93341,"蜡笔小新第3部",2703,100032,"9437.73","209.49","5.66","37.01"
68407,"双人床条约",2702,4418,"1593.19","35.38","21.64","1.64"
171953,"非常完美",2698,3698,"2058.60","45.78","33.40","1.37"
265220,"死人的复仇",2698,3986,"2176.82","48.41","32.77","1.48"
20345,"特工008",2695,3946,"1577.46","35.12","23.99","1.46"
227471,"Sistar《Alone》",2692,4777,"230.11","5.13","2.89","1.77"
326784,"几宗罪之性与罪",2685,4329,"1848.00","41.30","25.61","1.61"
208994,"儿童歌曲",2684,72260,"2974.98","66.50","2.47","26.92"
94511,"十万个冷笑话",2679,22344,"1559.41","34.93","4.19","8.34"
268339,"《狄仁杰之神都龙王》智勇萌三人组“亦敌亦友亦恋人”",2677,3445,"168.94","3.79","2.94","1.29"
197288,"两个爸爸",2668,36201,"13168.89","296.15","21.83","13.57"
283077,"《极品飞车》电影版预告首发 豪车竞技极速狂飙",2661,3325,"95.68","2.16","1.73","1.25"
263400,"兔小贝儿歌",2632,142139,"4848.18","110.52","2.05","54.00"
19147,"奋斗",2630,4246,"2105.51","48.03","29.75","1.61"
279091,"天台爱情",2626,3931,"2639.32","60.30","40.28","1.50"
261605,"校花诡异事件",2622,4199,"2864.49","65.55","40.93","1.60"
110659,"芭比之梦想豪宅",2612,53489,"2876.13","66.07","3.23","20.48"
287730,"《特殊身份》曝终极预告 众角色浮出水面",2607,3602,"94.37","2.17","1.57","1.38"
124627,"爆笑角斗士",2599,3782,"2339.07","54.00","37.11","1.46"
208031,"在一起",2596,4111,"2788.40","64.45","40.70","1.58"
275963,"世贸中心",2589,3447,"1530.40","35.47","26.64","1.33"
62845,"芭比之公主学校",2571,15168,"4213.97","98.34","16.67","5.90"
186988,"未来战警",2567,3577,"1878.75","43.91","31.51","1.39"
100397,"托马斯和他的朋友们",2564,35009,"3183.52","74.50","5.46","13.65"
124532,"特工绍特",2553,4574,"2673.29","62.83","35.07","1.79"
262461,"寂静岭2",2548,3785,"1975.18","46.51","31.31","1.49"
18882,"万有引力",2547,3958,"1967.27","46.34","29.82","1.55"
124465,"笔仙",2537,3797,"1762.38","41.68","27.85","1.50"
219084,"四戒",2530,3946,"2841.65","67.39","43.21","1.56"
259893,"冰河世纪",2525,4880,"2364.98","56.20","29.08","1.93"
150958,"狂蟒之灾4:血之踪迹",2514,3551,"1994.00","47.59","33.69","1.41"
254986,"《环太平洋》14分钟独家重磅花絮",2514,3333,"470.69","11.23","8.47","1.33"
264295,"艳遇",2512,3702,"1113.74","26.60","18.05","1.47"
147936,"夺宝联盟",2511,3836,"2373.55","56.72","37.13","1.53"
336424,"《西游记之大闹天宫》30秒预告片",2510,3197,"44.37","1.06","0.83","1.27"
300972,"好声音2珍藏版 一起追过的歌曲",2508,3424,"1262.24","30.20","22.12","1.37"
262670,"赤警威龙",2497,3680,"2257.32","54.24","36.80","1.47"
277607,"王菲发微博宣布离婚 李亚鹏：女儿归我",2489,3024,"130.32","3.14","2.59","1.21"
156276,"钢铁侠2",2480,4147,"2514.49","60.83","36.38","1.67"
254210,"巧虎来啦",2460,19152,"3922.41","95.67","12.29","7.79"
334872,"金玉满堂",2455,25045,"10975.26","268.23","26.29","10.20"
279546,"蔡依林《旅程》",2454,3367,"163.68","4.00","2.92","1.37"
222268,"石器时代之百万大侦探",2451,3497,"2275.81","55.71","39.05","1.43"
276175,"女人进城",2451,29386,"12808.93","313.56","26.15","11.99"
334870,"诸神之锤",2443,3134,"1675.54","41.15","32.08","1.28"
229685,"我们都是坏孩子",2430,5704,"2775.69","68.54","29.20","2.35"
274489,"极速秒杀",2429,3472,"1852.23","45.75","32.01","1.43"
216207,"孤岛惊魂2",2424,3566,"1619.82","40.09","27.25","1.47"
331665,"卑鄙的我2之惊魂记",2415,4014,"247.47","6.15","3.70","1.66"
276212,"苹果iPhone5s官方介绍",2409,3381,"172.57","4.30","3.06","1.40"
272290,"老公的春天",2407,23582,"10575.18","263.61","26.91","9.80"
275741,"Crayon Pop《Bar Bar Bar》",2398,4395,"206.48","5.17","2.82","1.83"
331898,"iPad Air官方发布视频",2397,2860,"164.18","4.11","3.44","1.19"
283016,"李某某等五人强奸案一审宣判",2394,3038,"144.95","3.63","2.86","1.27"
19355,"娜娜的玫瑰战争",2390,3884,"2340.63","58.76","36.16","1.63"
64259,"开心闯龙年",2389,6768,"3625.59","91.06","32.14","2.83"
252863,"背水一战",2388,3699,"2772.36","69.66","44.97","1.55"
208030,"危情营救",2376,3933,"2457.05","62.05","37.48","1.66"
80926,"开心大冒险",2375,27762,"3635.00","91.83","7.86","11.69"
128837,"汪峰2010北京首体演唱会",2375,3359,"1399.81","35.36","25.00","1.41"
160080,"特种部队",2373,3712,"2378.46","60.14","38.44","1.56"
209884,"疯狂万圣夜",2371,3062,"1424.90","36.06","27.92","1.29"
261802,"情逆三世缘",2368,24151,"10854.52","275.03","26.97","10.20"
117045,"搞定岳父大人",2366,3633,"2919.94","74.05","48.22","1.54"
47754,"爱情公寓",2361,20016,"6041.33","153.53","18.11","8.48"
96535,"PSY《Gangnam Style》",2359,9971,"599.91","15.26","3.61","4.23"
230318,"战雷",2359,23636,"8917.07","226.80","22.64","10.02"
231146,"超人归来",2345,3507,"2164.17","55.37","37.03","1.50"
227639,"神勇奶爸",2344,3629,"2167.44","55.48","35.84","1.55"
245082,"杀戒",2332,3341,"2367.97","60.93","42.53","1.43"
44748,"铠甲勇士",2324,29870,"4847.99","125.16","9.74","12.85"
225253,"电梯惊魂",2324,3784,"1936.67","50.00","30.71","1.63"
100814,2012,2322,4762,"2401.49","62.05","30.26","2.05"
236740,"《小时代》特辑",2319,3498,"644.10","16.66","11.05","1.51"
247965,"《模特魅影》曝预告",2317,3519,"123.58","3.20","2.11","1.52"
330039,"惊天换日",2315,3105,"2576.75","66.78","49.79","1.34"
279247,"末世殖民地",2312,3292,"2057.49","53.40","37.50","1.42"
184203,"快乐大本营之快乐到家",2311,3624,"2235.02","58.03","37.00","1.57"
62846,"芭比仙子的秘密",2305,14386,"4045.51","105.31","16.87","6.24"
278455,"武战道",2303,18035,"3512.21","91.50","11.68","7.83"
44417,"乐高幻影忍者",2300,36383,"7641.21","199.34","12.60","15.82"
67461,"白蛇传说",2299,3737,"2318.47","60.51","37.22","1.63"
107494,"苏乞儿",2295,3568,"2353.09","61.52","39.57","1.55"
46622,"西游记",2294,10849,"2855.45","74.68","15.79","4.73"
288512,"T-ara《Number 9》",2294,3877,"220.81","5.78","3.42","1.69"
330320,"天天向上",2293,3132,"2175.93","56.94","41.68","1.37"
107496,"武林外传",2291,3199,"1813.16","47.49","34.01","1.40"
172466,"全民超人汉考克",2288,3853,"2421.11","63.49","37.70","1.68"
70036,"第九区",2286,3470,"1632.88","42.86","28.23","1.52"
143047,"名侦探柯南（下部）",2269,27517,"5649.93","149.40","12.32","12.13"
176866,"Sistar19《因为从有到无》",2265,3680,"178.93","4.74","2.92","1.62"
258942,"《我爱灰太狼2》预告",2258,4528,"112.46","2.99","1.49","2.01"
272077,"BoA《The Shadow》",2254,3403,"194.45","5.18","3.43","1.51"
87672,"嫁个100分男人",2245,3695,"2399.25","64.12","38.96","1.65"
277033,"干掉客户",2244,2879,"1055.33","28.22","21.99","1.28"
340025,"惊天危机",2244,3197,"2565.23","68.59","48.14","1.42"
107393,"决战刹马镇",2240,3086,"1533.04","41.06","29.81","1.38"
334666,"神偷奶爸2 3D国语",2240,3241,"1121.27","30.03","20.76","1.45"
326916,"激战运钞车",2236,2919,"1770.22","47.50","36.39","1.31"
187452,"白夜行",2232,3794,"1434.29","38.56","22.68","1.70"
68409,"冰川时代4 3D预告片",2226,3545,"131.04","3.53","2.22","1.59"
64260,"龙门飞甲",2221,6245,"974.78","26.33","9.37","2.81"
197228,"青春荷尔蒙",2220,3759,"1701.66","45.99","27.16","1.69"
96129,"金刚",2205,3959,"2594.59","70.60","39.32","1.80"
203708,"PSY《Gentleman》",2200,7818,"464.37","12.66","3.56","3.55"
106335,"巧虎幼幼版",2191,180508,"7313.35","200.27","2.43","82.39"
108294,"PSY《哥哥正是我的style》",2189,6340,"325.23","8.91","3.08","2.90"
279233,"狂暴野人",2188,2903,"1115.24","30.58","23.05","1.33"
161850,"床上关系",2184,3169,"1013.22","27.84","19.18","1.45"
81878,"孤岛惊魂",2183,3301,"1714.28","47.12","31.16","1.51"
262975,"神偷艳贼",2179,2894,"1167.68","32.15","24.21","1.33"
188532,"洛克王国:圣龙的心愿",2169,5485,"2385.33","65.98","26.09","2.53"
278336,"谁是真英雄",2168,21437,"9414.64","260.55","26.35","9.89"
260987,"Sistar《So Cool》",2163,3598,"163.29","4.53","2.72","1.66"
279315,"绝命派对",2163,3436,"1807.73","50.14","31.57","1.59"
227249,"猛侠",2158,3176,"1577.08","43.85","29.79","1.47"
44445,"巴啦啦小魔仙",2157,24666,"5081.16","141.34","12.36","11.44"
102509,"赛尔号-雷伊与迈尔斯",2155,4664,"1965.17","54.71","25.28","2.16"
187532,"爱谁谁",2150,2865,"1893.16","52.83","39.65","1.33"
109045,"大兵小将",2148,3032,"1842.32","51.46","36.46","1.41"
226065,"少女时代《Genie》日文版",2148,3565,"196.28","5.48","3.30","1.66"
121049,"致命伴旅",2146,3391,"1993.14","55.73","35.27","1.58"
93342,"哆啦A梦第2部",2134,55081,"6390.64","179.68","6.96","25.81"
92652,"龙门飞甲 3D预告片",2133,3835,"85.79","2.41","1.34","1.80"
193263,"死囚大逃杀",2128,3017,"2157.42","60.83","42.91","1.42"
102427,"憨豆的黄金周",2124,3914,"1745.86","49.32","26.76","1.84"
94571,"青春期3 完整版",2112,3712,"1569.97","44.60","25.38","1.76"
333072,"薄熙来二审宣判现场",2109,2506,"127.09","3.62","3.04","1.19"
228138,"《富春山居图》特辑",2105,2809,"282.54","8.05","6.04","1.33"
124662,"变形金刚2:卷土重来",2101,3778,"2279.08","65.09","36.19","1.80"
44564,"小鸡不好惹",2099,24396,"3388.55","96.86","8.33","11.62"
237348,"4Minute《喜欢水吗》",2098,3173,"155.30","4.44","2.94","1.51"
267767,"王立军出庭指证薄熙来滥用职权现场",2097,2901,"121.77","3.48","2.52","1.38"
279072,"吸血鬼大电影",2094,2935,"1479.73","42.40","30.25","1.40"
227656,"杀手乔",2087,2960,"1518.99","43.67","30.79","1.42"
246000,"中国好声音第2季第1期 姚贝娜《也许明天》",2085,3446,"210.39","6.05","3.66","1.65"
285482,"江湖正道",2085,27044,"12371.73","356.02","27.45","12.97"
280809,"实拍薄熙来案宣判现场 一审被判无期",2083,2580,"503.44","14.50","11.71","1.24"
203301,"超能特工狗",2078,3225,"1871.71","54.04","34.82","1.55"
44646,"盖亚奥特曼",2075,14456,"2498.05","72.23","10.37","6.97"
80674,"神兽金刚",2074,28973,"4115.30","119.05","8.52","13.97"
88226,"猫狗大战2",2071,3115,"1523.65","44.14","29.35","1.50"
19867,"人在囧途",2069,3607,"1985.09","57.57","33.02","1.74"
44443,"兔年顶呱呱",2065,6274,"2947.04","85.63","28.18","3.04"
120757,"画皮2 3D",2056,3558,"1070.80","31.25","18.06","1.73"
330363,"同在屋檐下",2055,26389,"12016.34","350.84","27.32","12.84"
178615,"海绵宝宝历险记",2051,4416,"1697.37","49.65","23.06","2.15"
280927,"诡魇",2049,2866,"1764.43","51.67","36.94","1.40"
277293,"杀戮季节",2045,2880,"1757.27","51.56","36.61","1.41"
44336,"超银河传说",2043,5770,"2712.38","79.66","28.21","2.82"
258444,"别跟我谈高富帅",2043,3020,"2189.87","64.31","43.51","1.48"
276642,"僵尸猎手",2042,2889,"1475.31","43.35","30.64","1.41"
268345,"薄熙来自辩90分钟 曝王谷二人如胶似漆",2040,2813,"176.80","5.20","3.77","1.38"
338324,"Nine Muses - Gun",2040,2586,"104.81","3.08","2.43","1.27"
246724,"铁血玫瑰",2039,23766,"11128.72","327.48","28.10","11.66"
223390,"李馨巧《Someone Like You》",2038,3086,"140.62","4.14","2.73","1.51"
44306,"甜心格格",2036,31056,"6524.43","192.27","12.61","15.25"
157565,"黑蛇呻吟",2018,3036,"1270.19","37.77","25.10","1.50"
81933,"危险性游戏3",2017,3588,"1080.09","32.13","18.06","1.78"
230447,"苏打绿《我好想你》",2009,4110,"286.33","8.55","4.18","2.05"
44723,"电击小子",2001,25020,"5408.46","162.17","12.97","12.50"
272447,"暗花",1999,20557,"8893.67","266.94","25.96","10.28"
216642,"尖刀战士",1997,18962,"9546.88","286.84","30.21","9.50"
210338,"叶问：终极一战",1991,2951,"2075.45","62.55","42.20","1.48"
220252,"包青天之开封奇案",1988,25047,"8811.65","265.95","21.11","12.60"
124526,"变形金刚",1987,4234,"1773.22","53.54","25.13","2.13"
261112,"凤凰传奇《荷塘月色》",1987,4263,"213.25","6.44","3.00","2.15"
202852,"逆世界",1978,3040,"1689.00","51.23","33.34","1.54"
217148,"史上最聪明的切西瓜方法",1977,2538,"160.26","4.86","3.79","1.28"
334873,"六颗子弹",1977,2644,"2092.81","63.51","47.49","1.34"
117117,"超决战！贝利亚银河帝国",1976,5025,"2164.04","65.71","25.84","2.54"
266279,"8号囚室",1971,2705,"230.53","7.02","5.11","1.37"
141393,"二次曝光",1964,2800,"1763.36","53.87","37.79","1.43"
44348,"奇思妙想喜羊羊",1963,17591,"2926.17","89.44","9.98","8.96"
237847,"快乐大本营之文章展现武星魅力",1953,4121,"1930.16","59.30","28.10","2.11"
231998,"Dal Shabet《看看我的腿》",1952,2936,"136.68","4.20","2.79","1.50"
108920,"黑猫警长",1951,11801,"2432.92","74.82","12.37","6.05"
334121,"Trouble Maker19禁新单《没有明天》",1950,2761,"130.93","4.03","2.85","1.42"
67967,"我是特种兵",1949,13182,"4178.09","128.62","19.02","6.76"
258149,"蜂鸟",1944,2854,"2217.75","68.45","46.62","1.47"
265324,"结婚那件事",1944,2645,"1636.07","50.50","37.11","1.36"
246971,"寿司女孩",1938,2606,"1103.74","34.17","25.41","1.34"
170980,"太极2:英雄崛起",1928,2871,"1835.56","57.12","38.36","1.49"
217122,"陈奕迅《海阔天空》",1928,2918,"115.18","3.58","2.37","1.51"
19212,"僵尸先生",1924,3707,"2607.63","81.32","42.21","1.93"
329929,"致命闪玩",1922,2542,"969.21","30.26","22.88","1.32"
68408,"逆战",1920,3196,"1730.93","54.09","32.50","1.66"
216998,"朵拉的生日大冒险",1917,5965,"2165.68","67.78","21.78","3.11"
46863,"爱情公寓2",1916,22736,"6372.28","199.55","16.82","11.87"
223726,"上阵焃子兵",1915,21874,"7770.79","243.47","21.32","11.42"
275385,"Secret《Love Is Move》",1914,2920,"134.23","4.21","2.76","1.53"
123702,"死亡飞车",1908,2934,"2025.01","63.68","41.41","1.54"
223313,"吴莫愁《就现在》",1908,3872,"210.90","6.63","3.27","2.03"
258762,"《一夜惊喜》徐峥特辑",1905,2598,"41.46","1.31","0.96","1.36"
197655,"通俗喜剧",1903,2581,"1127.86","35.56","26.22","1.36"
329239,"X战警3：背水一战",1898,2716,"2030.52","64.19","44.86","1.43"
269652,"兔小贝故事",1897,37482,"1258.77","39.81","2.02","19.76"
258310,"Secret 《Madonna》",1896,2773,"124.75","3.95","2.70","1.46"
64061,"大魔术师",1895,2934,"2336.96","73.99","47.79","1.55"
222265,"小马宝莉",1894,39143,"8460.32","268.01","12.97","20.67"
341684,"BESTie《扑通扑通》",1892,2306,"97.06","3.08","2.53","1.22"
253334,"神偷奶爸 3D",1887,2909,"900.60","28.64","18.58","1.54"
288757,"凤凰传奇《御龙归字谣》",1884,2911,"171.44","5.46","3.53","1.55"
227169,"史前巨鳄最终章",1876,2740,"1349.42","43.16","29.55","1.46"
204974,"王菲《致青春》",1874,2918,"145.41","4.66","2.99","1.56"
281274,"《弯刀杀戮》限制级预告 辣妞挺胸喷火干掉爷们",1873,2407,"64.20","2.06","1.60","1.29"
339124,"《私人订制》女神特辑 白百何李小璐双姝争艳",1872,2323,"134.34","4.31","3.47","1.24"
330037,"全能星战民歌之夜 龚琳娜“逆袭”",1867,2681,"1864.62","59.92","41.73","1.44"
274244,"昆塔盒子总动员",1866,3100,"948.51","30.50","18.36","1.66"
249305,"变身超人",1859,3077,"1360.74","43.92","26.53","1.66"
339409,"无人区黄渤徐峥再联手巅疯贺岁",1859,2190,"82.25","2.65","2.25","1.18"
99380,"偷情许可证",1851,3252,"1133.50","36.74","20.91","1.76"
110628,"独眼巨人",1847,2524,"987.97","32.09","23.49","1.37"
20332,"文雀",1846,2320,"1443.13","46.91","37.32","1.26"
329298,"逗逗迪迪 汉字小侦探",1846,25583,"3263.29","106.07","7.65","13.86"
150843,"钢铁侠",1839,3184,"1787.49","58.32","33.68","1.73"
182335,"猪猪侠之幸福救援队",1835,18331,"2804.09","91.69","9.18","9.99"
223036,"小美人鱼",1827,7089,"1411.52","46.36","11.95","3.88"
234941,"Girls Day《女总统》",1824,2987,"131.55","4.33","2.64","1.64"
165922,"女子冒充演员卖淫",1821,2372,"153.54","5.06","3.88","1.30"
225358,"大叔，我爱你",1819,2546,"2099.56","69.25","49.48","1.40"
235557,"疯狂原始人",1818,2960,"1332.39","43.97","27.01","1.63"
20000,"唐伯虎点秋香",1816,2879,"1744.82","57.65","36.36","1.59"
124354,"指环王3:王者无敌",1815,2888,"1755.57","58.04","36.47","1.59"
252029,"毒火线",1813,2536,"1625.51","53.80","38.46","1.40"
326295,"《地心引力》特辑 年度高口碑科幻大片",1810,2237,"98.58","3.27","2.64","1.24"
335374,"《X战警前传2》中文预告 豪华阵容范爷亮相",1809,2092,"81.09","2.69","2.33","1.16"
170560,"金泫雅《Bubble Pop》",1808,2930,"150.08","4.98","3.07","1.62"
93301,"曲婉婷《我的歌声里》",1804,2993,"156.91","5.22","3.15","1.66"
254262,"Tahiti《Love Sick》",1802,3017,"139.00","4.63","2.76","1.67"
109038,"卑鄙的我：香蕉",1795,3188,"171.27","5.72","3.22","1.78"
144719,"罗宾汉和他的机灵鼠",1794,3618,"1390.47","46.50","23.06","2.02"
19480,"跟我的前妻谈恋爱",1788,2572,"1732.54","58.14","40.42","1.44"
328275,"异能感应",1779,2627,"1282.89","43.27","29.30","1.48"
332122,"正义联盟",1779,2290,"1020.48","34.42","26.74","1.29"
167774,"异星战场",1778,2734,"1509.57","50.94","33.13","1.54"
222266,"同谋",1776,2647,"1901.22","64.23","43.10","1.49"
44314,"赛尔号-寻找凤凰神兽",1775,4315,"1447.22","48.92","20.12","2.43"
